<?xml version="1.0" encoding="utf-8"?>
<install type="component" version="1.5.0">
 <name>Coupon</name>
 <!-- The following elements are optional and free of formatting conttraints -->
 <creationDate>June 2009</creationDate>
 <author>Danish Babu</author>
 <copyright>Copyright (C) 2008 - 2009 All rights reserved.</copyright>
	<license>GNU General Public License</license>
	<authorEmail>danish@skoolsonline.com</authorEmail>
	<authorUrl>http://www.joomla6teen.com</authorUrl>
 <!--  The version string is recorded in the components table -->
 <version>1.0</version>
 <!-- The description is optional and defaults to the name -->
 <description>This is a Coupon management system.</description>
 
 <!-- Site Main File Copy Section -->
 <!-- Note the folder attribute: This attribute describes the folder
      to copy FROM in the package to install therefore files copied
      in this section are copied from /site/ in the package -->
 <files folder="site">
  <filename>controller.php</filename>
  <filename>coupon.php</filename>
  <filename>index.html</filename>
  <filename>images/index.html</filename>
  <filename>images/printButton.png</filename>
  <filename>images/available.gif</filename>
  <filename>images/expired.gif</filename>
  <filename>images/image-not-available.gif</filename>
  <filename>images/print.gif</filename>
  <filename>models/index.html</filename>
  <filename>models/coupon.php</filename>
  <filename>models/detail.php</filename>
  <filename>models/cdetail.php</filename>
  <filename>views/index.html</filename>
  <filename>views/coupon/index.html</filename>
  <filename>views/coupon/view.html.php</filename>
  <filename>views/coupon/tmpl/default.php</filename>
  <filename>views/coupon/tmpl/index.html</filename>
  <filename>views/detail/index.html</filename>
  <filename>views/detail/view.html.php</filename>
  <filename>views/detail/tmpl/default.php</filename>
  <filename>views/detail/tmpl/index.html</filename>
  <filename>views/cdetail/index.html</filename>
  <filename>views/cdetail/view.html.php</filename>
  <filename>views/cdetail/tmpl/default.php</filename>
  <filename>views/cdetail/tmpl/index.html</filename>
  <filename>views/cdetail/tmpl/image.php</filename>
 </files>
 
  <install>
  <sql>
   <file charset="utf8" driver="mysql">install.sql</file>
  </sql>
 </install>
 <uninstall>
  <sql>
   <file charset="utf8" driver="mysql">uninstall.sql</file>
  </sql>
 </uninstall>

 
 <administration>
  <!-- Administration Menu Section -->
  <menu>Coupon</menu>
 
  <!-- Administration Main File Copy Section -->
  <files folder="admin">
   <filename>index.html</filename>
   <filename>admin.coupon.php</filename>
   <filename>admin.coupon.html.php</filename>
   <filename>install.sql</filename>
   <filename>uninstall.sql</filename>
  </files>  
 
 </administration>
</install>

