<?xml version="1.0" encoding="utf-8" ?><dwsync><file name="CPQ_BookMarks.php" server="www.ieimaging.com" local="3477060896" remote="12066998852" Dst="-1" /><file name="CPQ_Brochures.php" server="www.ieimaging.com" local="3477060896" remote="12066998852" Dst="-1" /><file name="CPQ_Bulletins_Inserts.php" server="www.ieimaging.com" local="3477060896" remote="12066998852" Dst="-1" /><file name="CPQ_BusinessCards.php" server="www.ieimaging.com" local="3477060896" remote="12066998852" Dst="-1" /><file name="CPQ_Catalogs.php" server="www.ieimaging.com" local="3477060896" remote="12066998852" Dst="-1" /><file name="CPQ_CD_DVD_Inserts.php" server="www.ieimaging.com" local="3477060896" remote="12066998852" Dst="-1" /><file name="CPQ_DoorHangers.php" server="www.ieimaging.com" local="3477060896" remote="12066998852" Dst="-1" /><file name="CPQ_Envelopes.php" server="www.ieimaging.com" local="3477060896" remote="12066998852" Dst="-1" /><file name="CPQ_Flyers.php" server="www.ieimaging.com" local="3477060896" remote="12066998852" Dst="-1" /><file name="CPQ_Folders.php" server="www.ieimaging.com" local="3477060896" remote="12066998852" Dst="-1" /><file name="CPQ_GreetingCards.php" server="www.ieimaging.com" local="3477060896" remote="12066998852" Dst="-1" /><file name="CPQ_Letterhead.php" server="www.ieimaging.com" local="3477060896" remote="12066998852" Dst="-1" /><file name="CPQ_MiniCatalogs.php" server="www.ieimaging.com" local="3477060896" remote="12066998852" Dst="-1" /><file name="CPQ_NoItemSelected.php" server="www.ieimaging.com" local="3477060896" remote="12066998852" Dst="-1" /><file name="CPQ_Postcards.php" server="www.ieimaging.com" local="3477060896" remote="12066998852" Dst="-1" /><file name="CPQ_Posters.php" server="www.ieimaging.com" local="3477060896" remote="12066998852" Dst="-1" /><file name="CPQ_PromotionalCards.php" server="www.ieimaging.com" local="3477060896" remote="12066998852" Dst="-1" /><file name="CPQ_RackCards.php" server="www.ieimaging.com" local="3477060896" remote="12066998852" Dst="-1" /><file name="CPQ_ScreenPrinting.php" server="www.ieimaging.com" local="3477060896" remote="12066998852" Dst="-1" /><file name="CPQ_PrintMailPackages.php" server="www.ieimaging.com" local="3477060896" remote="12066998852" Dst="-1" /><file name="CPQ_Metalics.php" server="www.ieimaging.com" local="3477060896" remote="12066998852" Dst="-1" /><file name="CPQ_TableTents.php" server="www.ieimaging.com" local="3477060896" remote="12066998852" Dst="-1" /><file name="CPQ_AnnouncementEnvelopes.php" server="www.jasonajames.com" local="3541790452" remote="7836757876" Dst="-1" /><file name="CPQ_BookMarks.php" server="www.jasonajames.com" local="3541795522" remote="7836763036" Dst="-1" /><file name="CPQ_Bulletins_Inserts.php" server="www.jasonajames.com" local="3541795544" remote="7836763036" Dst="-1" /><file name="CPQ_Brochures.php" server="www.jasonajames.com" local="3541795532" remote="7836763036" Dst="-1" /><file name="CPQ_Catalogs.php" server="www.jasonajames.com" local="3541795566" remote="7836763036" Dst="-1" /><file name="CPQ_BusinessCards.php" server="www.jasonajames.com" local="3542302116" remote="3542302080" Dst="-1" /><file name="CPQ_CD_DVD_Inserts.php" server="www.jasonajames.com" local="3541795576" remote="7836763036" Dst="-1" /><file name="CPQ_DoorHangers.php" server="www.jasonajames.com" local="3541795588" remote="7836763036" Dst="-1" /><file name="CPQ_Envelopes.php" server="www.jasonajames.com" local="3541795598" remote="7836763036" Dst="-1" /><file name="CPQ_Flyers.php" server="www.jasonajames.com" local="3541795606" remote="7836763036" Dst="-1" /><file name="CPQ_Folders.php" server="www.jasonajames.com" local="3541795616" remote="7836763036" Dst="-1" /><file name="CPQ_GreetingCards.php" server="www.jasonajames.com" local="3541795624" remote="7836763036" Dst="-1" /><file name="CPQ_Letterhead.php" server="www.jasonajames.com" local="3541795634" remote="7836763036" Dst="-1" /><file name="CPQ_Metalics.php" server="www.jasonajames.com" local="3541795646" remote="-4611698899787480164" Dst="-1" /><file name="CPQ_MiniCatalogs.php" server="www.jasonajames.com" local="3541795654" remote="7836763096" Dst="-1" /><file name="CPQ_NoItemSelected.php" server="www.jasonajames.com" local="3541795668" remote="-4611698899787480104" Dst="-1" /><file name="CPQ_Postcards.php" server="www.jasonajames.com" local="3541795778" remote="7836763096" Dst="-1" /><file name="CPQ_Posters.php" server="www.jasonajames.com" local="3541795686" remote="7836763096" Dst="-1" /><file name="CPQ_PrintMailPackages.php" server="www.jasonajames.com" local="3541795698" remote="-4611698899787480104" Dst="-1" /><file name="CPQ_PromotionalCards.php" server="www.jasonajames.com" local="3541795710" remote="7836763096" Dst="-1" /><file name="CPQ_RackCards.php" server="www.jasonajames.com" local="3541795722" remote="7836763096" Dst="-1" /><file name="CPQ_ScreenPrinting.php" server="www.jasonajames.com" local="3541795732" remote="7836763096" Dst="-1" /><file name="CPQ_TableTents.php" server="www.jasonajames.com" local="3541795762" remote="7836763096" Dst="-1" /><file name="ProductSelector.html" server="www.jasonajames.com" local="3542302434" remote="3542302380" Dst="-1" /><file name="CPQ_Labels.php" server="www.jasonajames.com" local="3541814564" remote="7836781876" Dst="-1" /><file name="CPQ_Stickers.php" server="www.jasonajames.com" local="3541814874" remote="7836782176" Dst="-1" /><file name="CPQ_AnnouncementEnvelopes.php" server="myprintingdeals.com" local="3543187634" remote="3543212820" Dst="-1" /><file name="CPQ_Catalogs.php" server="myprintingdeals.com" local="3543061314" remote="-4611698624908282440" Dst="-1" /><file name="CPQ_Brochures.php" server="myprintingdeals.com" local="3543061314" remote="-4611698624908282440" Dst="-1" /><file name="CPQ_DoorHangers.php" server="myprintingdeals.com" local="3543061314" remote="-4611698624908282440" Dst="-1" /><file name="CPQ_BookMarks.php" server="myprintingdeals.com" local="3543061314" remote="-4611698624908282440" Dst="-1" /><file name="CPQ_Flyers.php" server="myprintingdeals.com" local="3543061314" remote="-4611698624908282440" Dst="-1" /><file name="CPQ_GreetingCards.php" server="myprintingdeals.com" local="3543061314" remote="-4611698624908282440" Dst="-1" /><file name="CPQ_Letterhead.php" server="myprintingdeals.com" local="3543061314" remote="-4611698624908282440" Dst="-1" /><file name="CPQ_MiniCatalogs.php" server="myprintingdeals.com" local="3543061314" remote="-4611698624908282440" Dst="-1" /><file name="CPQ_NoItemSelected.php" server="myprintingdeals.com" local="3543061314" remote="-4611698624908282440" Dst="-1" /><file name="CPQ_Bulletins_Inserts.php" server="myprintingdeals.com" local="3543061314" remote="-4611698624908282440" Dst="-1" /><file name="CPQ_Posters.php" server="myprintingdeals.com" local="3543061314" remote="-4611698624908282440" Dst="-1" /><file name="CPQ_PromotionalCards.php" server="myprintingdeals.com" local="3543061316" remote="-4611698624908282380" Dst="-1" /><file name="CPQ_RackCards.php" server="myprintingdeals.com" local="3543061316" remote="-4611698624908282380" Dst="-1" /><file name="CPQ_TableTents.php" server="myprintingdeals.com" local="3543061316" remote="-4611698624908282380" Dst="-1" /><file name="ProductSelector.html" server="myprintingdeals.com" local="3543061316" remote="7838053876" Dst="-1" /><file name="CPQ_Labels.php" server="myprintingdeals.com" local="3543061316" remote="-4611698624908282380" Dst="-1" /><file name="CPQ_Stickers.php" server="myprintingdeals.com" local="3543061316" remote="-4611698624908282380" Dst="-1" /><file name="CPQ_BusinessCards.php" server="myprintingdeals.com" local="3543061314" remote="-4611698624908282440" Dst="-1" /><file name="CPQ_CD_DVD_Inserts.php" server="myprintingdeals.com" local="3543061314" remote="-4611698624908282440" Dst="-1" /><file name="CPQ_Envelopes.php" server="myprintingdeals.com" local="3543061314" remote="-4611698624908282440" Dst="-1" /><file name="CPQ_Folders.php" server="myprintingdeals.com" local="3543061314" remote="-4611698624908282440" Dst="-1" /><file name="CPQ_Metalics.php" server="myprintingdeals.com" local="3543061314" remote="-4611698624908282440" Dst="-1" /><file name="CPQ_Postcards.php" server="myprintingdeals.com" local="3543061314" remote="-4611698624908282440" Dst="-1" /><file name="CPQ_PrintMailPackages.php" server="myprintingdeals.com" local="3543061314" remote="-4611698624908282440" Dst="-1" /><file name="CPQ_ScreenPrinting.php" server="myprintingdeals.com" local="3543061316" remote="-4611698624908282380" Dst="-1" /><file name="index.html" server="myprintingdeals.com" local="3543062018" remote="7838054536" Dst="-1" /></dwsync>