<?xml version="1.0" encoding="utf-8"?>
<install type="module" version="1.5.0">
	<name>Coupon</name>
	<author>Danish Babu</author>
	<creationDate>June 2009</creationDate>
	<copyright>Copyright (C) 2008 - 2009 All rights reserved.</copyright>
	<license>GNU General Public License</license>
	<authorEmail>danish@skoolsonline.com</authorEmail>
	<authorUrl>http://www.joomla6teen.com</authorUrl>
	<version>1.0.0</version>
	<description>List the coupons of the selected category</description>
	<files>
		<filename module="mod_coupon">mod_coupon.php</filename>
		<filename>index.html</filename>
		<filename>helper.php</filename>
		<filename>tmpl/index.html</filename>
		<filename>tmpl/default.php</filename>
	</files>
	
	<params>
		<param name="cat" type="text" default="" label="Select Category" description="Enter the category name. First 5 Coupons from this category will be displayed." />
	</params>
	
</install>
