<?xml version="1.0" encoding="utf-8"?>
<install type="module" version="1.5.0">
    <name>ModuleMap</name>
    <author>Benjamin Haettasch</author>
    <version>0.5</version>
    <description>Displays a GoogleMap</description>
    <files>
        <filename module="mod_GoogleMap">mod_GoogleMap.php</filename>
    </files>
    <languages>
        <language tag="en-GB">language/en-GB/en-GB.mod_GoogleMap.ini</language>
        <language tag="de-DE">language/de-DE/de-DE.mod_GoogleMap.ini</language>
        <language tag="fr-FR">language/fr-FR/fr-FR.mod_GoogleMap.ini</language>
    </languages>
    <params>
       	<param name="key" type="text" default="" label="KEY"></param>

		<param name="@spacer" type="spacer" default="" label="DIM" description=""></param>

		<param name="height" type="text" default="300" label="HIGH"></param>
		<param name="width" type="text" default="500" label="WIDTH"></param>

		<param name="@spacer" type="spacer" default="" label="MAPCENTER" description=""></param>

		<param name="myLatitude" type="text" default="37.4419" label="MYLATITUDE"></param>
		<param name="myLongitude" type="text" default="-124.1419" label="MYLONGITUDE"></param>
		<param name="zoom" type="text" default="13" label="ZOOM"></param>

		<param name="@spacer" type="spacer" default="" label="NOTNEED" description=""></param>

		<param name="type" type="list" default="G_NORMAL_MAP" label="MAPTYPE">
			<option value="G_NORMAL_MAP">NORMALMAP</option>
			<option value="G_SATELLITE_MAP">SATELITEMAP</option>
			<option value="G_HYBRID_MAP">HYBRIDMAP</option>
		</param>

        <param name="controll" type="list" default="none" label="CONTROLL">
            <option value="none">NONE</option>
            <option value="smart">SMART</option>
            <option value="type">TYPE_CONTROLL</option>
            <option value="both">BOTH</option>
            <option value="large">LARGE</option>
            <option value="both2">BOTH2</option>
        </param>

		<param name="@spacer" type="spacer" default="" label="NOTNEED" description=""></param>

		<param name="info_bool" type="radio" default="0" label="INFO_BOOL">
			<option value="0">NO</option>
			<option value="1">YES</option>
		</param>
		<param name="info_text" type="text" default="" label="INFO_TEXT"></param>

		<param name="@spacer" type="spacer" default="" label="NOTNEED" description=""></param>

		<param name="reset_link" type="radio" default="0" label="RESET_LINK">
			<option value="0">NO</option>
			<option value="1">YES</option>
		</param>

		<param name="draging" type="radio" default="1" label="DRAGING">
			<option value="0">NO</option>
			<option value="1">YES</option>
		</param>

		<param name="mousewheel" type="radio" default="0" label="MOUSEWHEEL">
			<option value="0">NO</option>
			<option value="1">YES</option>
		</param>

		<param name="gbar" type="radio" default="0" label="GBAR">
			<option value="0">NO</option>
			<option value="1">YES</option>
		</param>
    </params>
</install>